library_id,library_name,phone,address
1, Perpustakaan Ambalau,+62-71-551-8283,"Gang Gedebage Selatan No. 7, Ambalau - Samarinda"
2, Perpustakaan Serambakon,+62 (118) 154-7278,"Gang Gegerkalong Hilir No. 72, Serambakon - Lubuklinggau"
3, Perpustakaan Weleri,+62 (094) 872-7168,"Jalan Lembong No. 657, Weleri - Palembang"
4, Perpustakaan Torue,+62-0413-605-7767,"Jl. Astana Anyar No. 592, Torue - Bandar Lampung"
5, Perpustakaan Tebing Syahbandar,(023) 465-1417,"Jalan Kendalsari No. 6, Tebing Syahbandar - Cimahi"
